TEAM,GP,MINS,PTS,SCP,OFF,DEF,REB,AST,TO,PTO,STL,BLK,STK,FGM,FGA,FG %,2PM,2PA,2P %,3PM,3PA,3P %,FTM,FTA,FT %,PF,Fls on:,+/-,PIP,PP,FBP,STP,BP,BL,GW
ADU,4.0,800.0,260.0,32.0,52.0,111.0,163.0,64.0,53.0,61.0,35.0,14.0,49.0,90.0,243.0,37.03703703703704,66.0,165.0,40.0,24.0,78.0,30.76923076923077,56.0,93.0,60.215053763440864,67.0,84.0,24.0,94.0,110.0,30.0,163.0,97.0,40.0,3.0
ATENEO,4.0,825.0,275.0,54.0,68.0,122.0,190.0,52.0,63.0,43.0,20.0,10.0,30.0,102.0,276.0,36.95652173913043,81.0,180.0,45.0,21.0,96.0,21.875,50.0,86.0,58.139534883720934,87.0,72.0,-31.0,136.0,89.0,34.0,199.0,76.0,14.0,0.0
FEU,4.0,825.0,302.0,53.0,56.0,115.0,171.0,79.0,44.0,54.0,28.0,12.0,40.0,113.0,286.0,39.51048951048951,83.0,192.0,43.22916666666667,30.0,94.0,31.914893617021278,46.0,69.0,66.66666666666666,57.0,68.0,15.0,114.0,142.0,35.0,183.0,119.0,45.0,3.0
LA SALLE,4.0,800.0,304.0,49.0,61.0,119.0,180.0,63.0,54.0,52.0,30.0,11.0,41.0,111.0,282.0,39.361702127659576,88.0,190.0,46.31578947368421,23.0,92.0,25.0,59.0,83.0,71.08433734939759,91.0,79.0,12.0,142.0,103.0,29.0,199.0,105.0,47.0,2.0
NU,4.0,800.0,260.0,40.0,46.0,105.0,151.0,53.0,67.0,45.0,28.0,8.0,36.0,91.0,241.0,37.75933609958506,66.0,150.0,44.0,25.0,91.0,27.472527472527474,53.0,94.0,56.38297872340425,73.0,82.0,-31.0,92.0,115.0,28.0,132.0,128.0,20.0,1.0
UE,4.0,800.0,337.0,71.0,65.0,129.0,194.0,82.0,57.0,61.0,41.0,18.0,59.0,124.0,289.0,42.90657439446367,85.0,180.0,47.22222222222222,39.0,109.0,35.77981651376147,50.0,79.0,63.29113924050633,79.0,75.0,46.0,144.0,143.0,60.0,195.0,142.0,83.0,4.0
UP,4.0,800.0,283.0,38.0,59.0,112.0,171.0,53.0,63.0,59.0,28.0,9.0,37.0,94.0,249.0,37.75100401606426,71.0,160.0,44.375,23.0,89.0,25.842696629213485,72.0,109.0,66.05504587155964,88.0,91.0,-1.0,94.0,117.0,26.0,189.0,94.0,56.0,2.0
UST,4.0,800.0,326.0,54.0,65.0,110.0,175.0,74.0,65.0,61.0,32.0,14.0,46.0,128.0,299.0,42.80936454849498,99.0,208.0,47.59615384615385,29.0,91.0,31.868131868131865,41.0,70.0,58.57142857142858,92.0,72.0,-34.0,168.0,117.0,62.0,199.0,127.0,29.0,1.0
