TEAM,GP,MINS,PTS,SCP,OFF,DEF,REB,AST,TO,PTO,STL,BLK,STK,FGM,FGA,FG %,2PM,2PA,2P %,3PM,3PA,3P %,FTM,FTA,FT %,PF,Fls on:,+/-,PIP,PP,FBP,STP,BP,BL,GW
ADU,5.0,200.0,63.2,7.6,12.2,28.0,40.2,14.8,13.6,17.4,9.0,3.6,12.6,21.6,59.6,36.241610738255034,16.2,40.8,39.705882352941174,5.4,18.8,28.723404255319153,14.6,23.4,62.39316239316239,17.4,20.8,5.2,24.4,24.2,8.8,38.4,24.8,9.2,4.0
ATENEO,5.0,205.0,71.6,12.6,15.4,30.2,45.6,13.8,15.4,12.2,6.0,2.2,8.2,26.0,66.6,39.03903903903904,20.8,44.2,47.05882352941176,5.2,22.4,23.214285714285715,14.4,22.6,63.716814159292035,23.0,18.8,-3.4,34.4,22.8,7.8,51.2,20.4,6.6,1.0
FEU,4.0,206.25,75.5,13.25,14.0,28.75,42.75,19.75,11.0,13.5,7.0,3.0,10.0,28.25,71.5,39.51048951048951,20.75,48.0,43.22916666666667,7.5,23.5,31.914893617021278,11.5,17.25,66.66666666666666,14.25,17.0,3.75,28.5,35.5,8.75,45.75,29.75,11.25,3.0
LA SALLE,4.0,200.0,76.0,12.25,15.25,29.75,45.0,15.75,13.5,13.0,7.5,2.75,10.25,27.75,70.5,39.361702127659576,22.0,47.5,46.31578947368421,5.75,23.0,25.0,14.75,20.75,71.08433734939759,22.75,19.75,3.0,35.5,25.75,7.25,49.75,26.25,11.75,2.0
NU,5.0,200.0,62.8,9.6,11.2,26.8,38.0,14.0,17.0,12.4,7.8,2.0,9.8,22.0,59.6,36.91275167785235,15.8,36.4,43.40659340659341,6.2,23.2,26.72413793103448,12.6,21.4,58.87850467289719,18.6,20.4,-6.6,22.8,27.4,5.6,32.4,30.4,6.2,1.0
UE,4.0,200.0,84.25,17.75,16.25,32.25,48.5,20.5,14.25,15.25,10.25,4.5,14.75,31.0,72.25,42.90657439446367,21.25,45.0,47.22222222222222,9.75,27.25,35.77981651376147,12.5,19.75,63.29113924050633,19.75,18.75,11.5,36.0,35.75,15.0,48.75,35.5,20.75,4.0
UP,5.0,200.0,70.4,9.6,14.8,27.0,41.8,13.4,15.6,14.2,6.6,1.8,8.4,23.8,62.8,37.898089171974526,18.4,40.4,45.54455445544555,5.4,22.4,24.107142857142858,17.4,27.4,63.503649635036496,22.4,23.4,-3.0,25.2,27.8,6.8,45.0,25.4,12.6,2.0
UST,4.0,200.0,81.5,13.5,16.25,27.5,43.75,18.5,16.25,15.25,8.0,3.5,11.5,32.0,74.75,42.80936454849498,24.75,52.0,47.59615384615385,7.25,22.75,31.868131868131865,10.25,17.5,58.57142857142858,23.0,18.0,-8.5,42.0,29.25,15.5,49.75,31.75,7.25,1.0
