TEAM,GP,MINS,PTS,SCP,OFF,DEF,REB,AST,TO,PTO,STL,BLK,STK,FGM,FGA,FG %,2PM,2PA,2P %,3PM,3PA,3P %,FTM,FTA,FT %,PF,Fls on:,+/-,PIP,PP,FBP,STP,BP,BL,GW
ADU,11.0,2250.0,725.0,88.0,140.0,318.0,458.0,161.0,162.0,140.0,93.0,40.0,133.0,251.0,691.0,36.32416787264833,179.0,451.0,39.689578713968956,72.0,240.0,30.0,151.0,236.0,63.983050847457626,200.0,224.0,1.0,266.0,308.0,89.0,429.0,296.0,83.0,6.0
ATENEO,11.0,2325.0,809.0,131.0,160.0,361.0,521.0,175.0,171.0,125.0,72.0,43.0,115.0,291.0,745.0,39.06040268456376,225.0,474.0,47.46835443037975,66.0,271.0,24.354243542435423,161.0,252.0,63.888888888888886,240.0,221.0,24.0,372.0,276.0,85.0,593.0,216.0,106.0,6.0
FEU,11.0,2250.0,836.0,132.0,168.0,290.0,458.0,194.0,137.0,132.0,105.0,29.0,134.0,323.0,792.0,40.782828282828284,253.0,543.0,46.59300184162063,70.0,249.0,28.11244979919679,120.0,182.0,65.93406593406593,203.0,183.0,21.0,362.0,354.0,101.0,487.0,349.0,103.0,7.0
LA SALLE,10.0,2025.0,789.0,98.0,117.0,293.0,410.0,166.0,164.0,122.0,82.0,32.0,114.0,290.0,664.0,43.674698795180724,221.0,437.0,50.57208237986271,69.0,227.0,30.396475770925107,140.0,213.0,65.72769953051643,241.0,203.0,-1.0,354.0,295.0,89.0,540.0,249.0,100.0,4.0
NU,13.0,2625.0,856.0,136.0,167.0,339.0,506.0,183.0,207.0,172.0,104.0,34.0,138.0,287.0,790.0,36.32911392405063,212.0,494.0,42.91497975708502,75.0,296.0,25.33783783783784,207.0,319.0,64.89028213166145,254.0,304.0,-78.0,312.0,337.0,103.0,484.0,372.0,99.0,2.0
UE,13.0,2625.0,1100.0,196.0,207.0,389.0,596.0,262.0,187.0,182.0,123.0,52.0,175.0,395.0,904.0,43.69469026548673,292.0,574.0,50.87108013937283,103.0,330.0,31.212121212121215,207.0,327.0,63.30275229357798,284.0,272.0,130.0,466.0,427.0,145.0,617.0,483.0,234.0,13.0
UP,11.0,2200.0,788.0,106.0,159.0,299.0,458.0,147.0,182.0,163.0,85.0,29.0,114.0,273.0,690.0,39.565217391304344,218.0,466.0,46.78111587982833,55.0,224.0,24.553571428571427,187.0,302.0,61.920529801324506,230.0,267.0,-43.0,332.0,269.0,94.0,531.0,257.0,95.0,3.0
UST,12.0,2500.0,992.0,152.0,198.0,337.0,535.0,211.0,172.0,163.0,108.0,43.0,151.0,374.0,935.0,40.0,280.0,608.0,46.05263157894737,94.0,327.0,28.74617737003058,150.0,224.0,66.96428571428571,291.0,227.0,-54.0,432.0,410.0,168.0,591.0,401.0,101.0,5.0
