TEAM,GP,MINS,PTS,SCP,OFF,DEF,REB,AST,TO,PTO,STL,BLK,STK,FGM,FGA,FG %,2PM,2PA,2P %,3PM,3PA,3P %,FTM,FTA,FT %,PF,Fls on:,+/-,PIP,PP,FBP,STP,BP,BL,GW
ADU,1.0,200.0,60.0,3.0,14.0,36.0,50.0,17.0,16.0,9.0,11.0,7.0,18.0,22.0,62.0,35.483870967741936,17.0,42.0,40.476190476190474,5.0,20.0,25.0,11.0,26.0,42.30769230769231,18.0,21.0,2.0,24.0,25.0,4.0,41.0,19.0,8.0,1.0
ATENEO,2.0,425.0,143.0,25.0,25.0,75.0,100.0,26.0,27.0,15.0,9.0,7.0,16.0,59.0,147.0,40.136054421768705,51.0,98.0,52.04081632653062,8.0,49.0,16.3265306122449,17.0,24.0,70.83333333333334,43.0,29.0,-5.0,82.0,44.0,24.0,114.0,29.0,8.0,0.0
FEU,1.0,225.0,86.0,10.0,13.0,32.0,45.0,24.0,8.0,17.0,10.0,2.0,12.0,32.0,89.0,35.95505617977528,19.0,52.0,36.53846153846153,13.0,37.0,35.13513513513514,9.0,15.0,60.0,11.0,19.0,3.0,20.0,57.0,14.0,62.0,24.0,11.0,1.0
LA SALLE,1.0,200.0,58.0,12.0,19.0,33.0,52.0,17.0,16.0,11.0,8.0,3.0,11.0,25.0,78.0,32.05128205128205,21.0,52.0,40.38461538461539,4.0,26.0,15.384615384615385,4.0,10.0,40.0,21.0,18.0,-2.0,32.0,22.0,2.0,32.0,26.0,5.0,0.0
NU,1.0,200.0,57.0,6.0,11.0,25.0,36.0,11.0,18.0,6.0,7.0,2.0,9.0,20.0,61.0,32.78688524590164,17.0,41.0,41.46341463414634,3.0,20.0,15.0,14.0,23.0,60.86956521739131,14.0,19.0,-15.0,22.0,21.0,1.0,31.0,26.0,0.0,0.0
UE,2.0,400.0,134.0,27.0,29.0,66.0,95.0,30.0,28.0,29.0,21.0,7.0,28.0,51.0,134.0,38.059701492537314,37.0,88.0,42.04545454545455,14.0,46.0,30.434782608695656,18.0,33.0,54.54545454545454,38.0,37.0,17.0,52.0,64.0,18.0,76.0,58.0,35.0,2.0
UP,1.0,200.0,87.0,23.0,21.0,31.0,52.0,14.0,13.0,21.0,8.0,2.0,10.0,29.0,67.0,43.28358208955223,25.0,47.0,53.191489361702125,4.0,20.0,20.0,25.0,37.0,67.56756756756756,15.0,26.0,20.0,44.0,18.0,9.0,67.0,20.0,25.0,1.0
UST,1.0,200.0,67.0,8.0,16.0,23.0,39.0,15.0,15.0,10.0,7.0,2.0,9.0,27.0,72.0,37.5,22.0,50.0,44.0,5.0,22.0,22.727272727272727,8.0,14.0,57.14285714285714,26.0,15.0,-20.0,36.0,23.0,20.0,23.0,44.0,1.0,0.0
