TEAM,GP,MINS,PTS,SCP,OFF,DEF,REB,AST,TO,PTO,STL,BLK,STK,FGM,FGA,FG %,2PM,2PA,2P %,3PM,3PA,3P %,FTM,FTA,FT %,PF,Fls on:,+/-,PIP,PP,FBP,STP,BP,BL,GW
ADU,2.0,200.0,59.5,9.0,13.5,31.0,44.5,13.5,14.5,11.5,7.0,4.0,11.0,19.5,56.5,34.51327433628318,15.0,38.5,38.961038961038966,4.5,18.0,25.0,16.0,31.0,51.61290322580645,20.5,26.5,-0.5,20.0,23.5,5.5,41.0,18.5,5.0,1.0
ATENEO,2.0,212.5,71.5,12.5,12.5,37.5,50.0,13.0,13.5,7.5,4.5,3.5,8.0,29.5,73.5,40.136054421768705,25.5,49.0,52.04081632653062,4.0,24.5,16.3265306122449,8.5,12.0,70.83333333333334,21.5,14.5,-2.5,41.0,22.0,12.0,57.0,14.5,4.0,0.0
FEU,2.0,212.5,85.0,12.5,14.0,29.0,43.0,22.5,9.5,19.5,10.5,2.5,13.0,32.0,79.5,40.25157232704403,22.5,53.5,42.05607476635514,9.5,26.0,36.53846153846153,11.5,17.5,65.71428571428571,17.0,19.5,9.5,30.0,43.5,13.5,51.5,33.5,13.5,2.0
LA SALLE,2.0,200.0,75.5,15.5,17.5,32.5,50.0,16.5,16.5,15.5,8.5,4.0,12.5,29.5,76.0,38.81578947368421,24.5,50.5,48.51485148514851,5.0,25.5,19.607843137254903,11.5,18.0,63.888888888888886,21.5,21.5,3.5,40.0,24.0,8.0,46.5,29.0,8.0,1.0
NU,2.0,200.0,62.5,11.0,13.0,25.5,38.5,12.5,17.5,7.0,7.0,3.0,10.0,20.0,59.0,33.89830508474576,15.0,39.0,38.46153846153847,5.0,20.0,25.0,17.5,27.0,64.81481481481481,17.0,21.0,-15.5,17.0,28.0,3.0,36.0,26.5,0.5,0.0
UE,3.0,200.0,75.33333333333333,15.666666666666666,16.666666666666668,33.333333333333336,50.0,19.0,14.666666666666666,16.0,10.0,4.333333333333333,14.333333333333334,28.666666666666668,71.33333333333333,40.18691588785047,20.333333333333332,45.666666666666664,44.52554744525548,8.333333333333334,25.666666666666668,32.467532467532465,9.666666666666666,16.333333333333332,59.183673469387756,20.666666666666668,18.666666666666668,11.333333333333334,32.666666666666664,33.0,13.666666666666666,40.0,35.333333333333336,21.0,3.0
UP,3.0,200.0,74.66666666666667,10.666666666666666,14.666666666666666,29.333333333333332,44.0,14.333333333333334,14.666666666666666,14.333333333333334,7.0,3.0,10.0,24.666666666666668,63.666666666666664,38.7434554973822,18.666666666666668,39.666666666666664,47.05882352941176,6.0,24.0,25.0,19.333333333333332,29.0,66.66666666666666,22.666666666666668,23.666666666666668,2.0,26.0,29.333333333333332,6.666666666666667,52.0,22.666666666666668,14.333333333333334,2.0
UST,2.0,200.0,75.5,8.0,14.0,25.0,39.0,18.0,16.0,16.0,8.0,1.5,9.5,29.5,72.0,40.97222222222222,22.5,49.0,45.91836734693878,7.0,23.0,30.434782608695656,9.5,17.5,54.285714285714285,26.0,18.5,-14.5,39.0,27.0,13.0,36.0,39.5,6.5,0.0
