TEAM,GP,MINS,PTS,SCP,OFF,DEF,REB,AST,TO,PTO,STL,BLK,STK,FGM,FGA,FG %,2PM,2PA,2P %,3PM,3PA,3P %,FTM,FTA,FT %,PF,Fls on:,+/-,PIP,PP,FBP,STP,BP,BL,GW
ADU,10.0,2050.0,659.0,93.0,145.0,293.0,438.0,161.0,152.0,118.0,83.0,39.0,122.0,236.0,662.0,35.64954682779456,162.0,385.0,42.077922077922075,74.0,277.0,26.714801444043324,113.0,168.0,67.26190476190477,210.0,170.0,0.0,228.0,318.0,50.0,334.0,325.0,95.0,5.0
ATENEO,10.0,2125.0,726.0,109.0,157.0,289.0,446.0,171.0,129.0,125.0,86.0,15.0,101.0,255.0,727.0,35.075653370013754,180.0,446.0,40.35874439461883,75.0,281.0,26.690391459074732,141.0,218.0,64.6788990825688,210.0,219.0,-16.0,246.0,339.0,87.0,440.0,286.0,110.0,5.0
FEU,10.0,2050.0,751.0,120.0,153.0,285.0,438.0,164.0,151.0,106.0,79.0,47.0,126.0,276.0,687.0,40.174672489082965,206.0,435.0,47.356321839080465,70.0,252.0,27.77777777777778,129.0,190.0,67.89473684210526,169.0,178.0,-15.0,304.0,318.0,106.0,603.0,148.0,76.0,4.0
LA SALLE,10.0,2025.0,790.0,138.0,159.0,280.0,439.0,171.0,139.0,136.0,76.0,24.0,100.0,283.0,695.0,40.719424460431654,229.0,487.0,47.02258726899384,54.0,208.0,25.961538461538463,170.0,278.0,61.15107913669065,206.0,236.0,1.0,364.0,256.0,78.0,475.0,315.0,99.0,6.0
NU,10.0,2025.0,715.0,97.0,112.0,289.0,401.0,154.0,171.0,174.0,98.0,34.0,132.0,266.0,611.0,43.53518821603928,211.0,443.0,47.629796839729124,55.0,168.0,32.73809523809524,128.0,194.0,65.97938144329896,236.0,193.0,62.0,336.0,251.0,120.0,400.0,315.0,118.0,8.0
UE,10.0,2025.0,738.0,79.0,115.0,265.0,380.0,154.0,161.0,99.0,78.0,31.0,109.0,268.0,652.0,41.104294478527606,202.0,427.0,47.306791569086656,66.0,225.0,29.333333333333332,136.0,217.0,62.67281105990783,205.0,204.0,-100.0,316.0,286.0,84.0,560.0,178.0,58.0,0.0
UP,9.0,1800.0,672.0,98.0,126.0,242.0,368.0,152.0,135.0,128.0,80.0,23.0,103.0,248.0,589.0,42.10526315789473,195.0,394.0,49.49238578680203,53.0,195.0,27.17948717948718,123.0,178.0,69.10112359550563,211.0,178.0,33.0,304.0,245.0,112.0,348.0,324.0,111.0,6.0
UST,9.0,1900.0,782.0,165.0,158.0,287.0,445.0,151.0,135.0,109.0,76.0,37.0,113.0,282.0,673.0,41.90193164933135,206.0,415.0,49.63855421686747,76.0,258.0,29.457364341085274,142.0,238.0,59.66386554621849,167.0,199.0,35.0,342.0,298.0,93.0,526.0,256.0,104.0,5.0
