TEAM,GP,MINS,PTS,SCP,OFF,DEF,REB,AST,TO,PTO,STL,BLK,STK,FGM,FGA,FG %,2PM,2PA,2P %,3PM,3PA,3P %,FTM,FTA,FT %,PF,Fls on:,+/-,PIP,PP,FBP,STP,BP,BL,GW
ADU,6.0,1200.0,367.0,56.0,84.0,172.0,256.0,94.0,96.0,74.0,46.0,17.0,63.0,132.0,375.0,35.199999999999996,89.0,213.0,41.78403755868544,43.0,162.0,26.543209876543212,60.0,100.0,60.0,124.0,104.0,-11.0,132.0,175.0,18.0,194.0,173.0,59.0,2.0
ATENEO,6.0,1300.0,464.0,65.0,95.0,179.0,274.0,102.0,73.0,83.0,54.0,10.0,64.0,163.0,457.0,35.667396061269145,114.0,287.0,39.721254355400696,49.0,170.0,28.823529411764703,89.0,137.0,64.96350364963503,127.0,133.0,8.0,162.0,213.0,56.0,271.0,193.0,92.0,4.0
FEU,4.0,825.0,287.0,52.0,66.0,121.0,187.0,62.0,54.0,41.0,25.0,13.0,38.0,107.0,283.0,37.80918727915194,82.0,191.0,42.93193717277487,25.0,92.0,27.173913043478258,48.0,70.0,68.57142857142857,69.0,56.0,-15.0,118.0,121.0,37.0,223.0,64.0,18.0,1.0
LA SALLE,5.0,1000.0,370.0,70.0,83.0,138.0,221.0,87.0,67.0,64.0,31.0,15.0,46.0,131.0,341.0,38.41642228739003,105.0,239.0,43.93305439330544,26.0,102.0,25.49019607843137,82.0,141.0,58.156028368794324,103.0,123.0,-16.0,174.0,114.0,26.0,228.0,142.0,40.0,2.0
NU,6.0,1200.0,429.0,66.0,75.0,174.0,249.0,86.0,99.0,112.0,57.0,19.0,76.0,159.0,375.0,42.4,131.0,279.0,46.95340501792115,28.0,96.0,29.166666666666668,83.0,120.0,69.16666666666667,137.0,115.0,37.0,202.0,144.0,79.0,222.0,207.0,71.0,5.0
UE,5.0,1000.0,353.0,44.0,61.0,135.0,196.0,76.0,75.0,48.0,33.0,15.0,48.0,129.0,329.0,39.209726443769,97.0,216.0,44.907407407407405,32.0,113.0,28.31858407079646,63.0,101.0,62.37623762376238,96.0,96.0,-61.0,142.0,148.0,38.0,246.0,107.0,20.0,0.0
UP,5.0,1000.0,367.0,57.0,67.0,139.0,206.0,83.0,73.0,83.0,36.0,11.0,47.0,133.0,316.0,42.08860759493671,103.0,211.0,48.81516587677725,30.0,105.0,28.57142857142857,71.0,109.0,65.13761467889908,122.0,107.0,15.0,164.0,132.0,65.0,199.0,168.0,62.0,3.0
UST,5.0,1075.0,458.0,107.0,90.0,169.0,259.0,88.0,79.0,81.0,44.0,21.0,65.0,160.0,379.0,42.21635883905013,118.0,231.0,51.082251082251084,42.0,148.0,28.37837837837838,96.0,157.0,61.146496815286625,93.0,116.0,43.0,208.0,154.0,65.0,309.0,149.0,74.0,4.0
