TEAM,GP,MINS,PTS,SCP,OFF,DEF,REB,AST,TO,PTO,STL,BLK,STK,FGM,FGA,FG %,2PM,2PA,2P %,3PM,3PA,3P %,FTM,FTA,FT %,PF,Fls on:,+/-,PIP,PP,FBP,STP,BP,BL,GW
ADU,4.0,800.0,236.0,33.0,62.0,117.0,179.0,53.0,70.0,47.0,25.0,11.0,36.0,85.0,255.0,33.33333333333333,59.0,149.0,39.59731543624161,26.0,106.0,24.528301886792452,40.0,67.0,59.70149253731343,86.0,64.0,-24.0,80.0,116.0,10.0,125.0,111.0,25.0,1.0
ATENEO,4.0,825.0,306.0,36.0,47.0,116.0,163.0,72.0,42.0,62.0,36.0,8.0,44.0,105.0,274.0,38.32116788321168,69.0,170.0,40.588235294117645,36.0,104.0,34.61538461538461,60.0,88.0,68.18181818181817,75.0,86.0,31.0,92.0,154.0,31.0,169.0,137.0,73.0,4.0
FEU,4.0,825.0,287.0,52.0,66.0,121.0,187.0,62.0,54.0,41.0,25.0,13.0,38.0,107.0,283.0,37.80918727915194,82.0,191.0,42.93193717277487,25.0,92.0,27.173913043478258,48.0,70.0,68.57142857142857,69.0,56.0,-15.0,118.0,121.0,37.0,223.0,64.0,18.0,1.0
LA SALLE,4.0,800.0,292.0,53.0,66.0,114.0,180.0,72.0,56.0,50.0,25.0,13.0,38.0,105.0,271.0,38.74538745387454,82.0,188.0,43.61702127659575,23.0,83.0,27.710843373493976,59.0,108.0,54.629629629629626,80.0,91.0,-12.0,140.0,93.0,22.0,188.0,104.0,34.0,2.0
NU,4.0,800.0,291.0,54.0,60.0,116.0,176.0,65.0,65.0,74.0,42.0,14.0,56.0,112.0,268.0,41.7910447761194,91.0,201.0,45.27363184079602,21.0,67.0,31.343283582089555,46.0,67.0,68.65671641791045,83.0,72.0,31.0,138.0,107.0,56.0,159.0,132.0,59.0,3.0
UE,4.0,800.0,291.0,36.0,49.0,110.0,159.0,61.0,60.0,34.0,28.0,14.0,42.0,108.0,272.0,39.705882352941174,84.0,181.0,46.408839779005525,24.0,91.0,26.373626373626376,51.0,84.0,60.71428571428571,75.0,78.0,-46.0,122.0,118.0,34.0,224.0,67.0,19.0,0.0
UP,4.0,800.0,284.0,48.0,58.0,110.0,168.0,66.0,59.0,65.0,26.0,10.0,36.0,105.0,259.0,40.54054054054054,80.0,170.0,47.05882352941176,25.0,89.0,28.08988764044944,49.0,82.0,59.756097560975604,94.0,85.0,1.0,128.0,107.0,60.0,142.0,142.0,43.0,2.0
UST,4.0,800.0,360.0,79.0,64.0,119.0,183.0,69.0,60.0,63.0,35.0,13.0,48.0,126.0,283.0,44.522968197879855,92.0,175.0,52.57142857142857,34.0,108.0,31.48148148148148,74.0,117.0,63.24786324786324,72.0,91.0,34.0,166.0,120.0,54.0,229.0,131.0,63.0,3.0
